disease	state_abb	hhs_region	total_population	unit	level_low	level_moderate	level_high	level_very_high
COVID-19	AK	NA	711711	count	15	22	40	50.8999999999999
COVID-19	AK	NA	711711	rate	2.1075970443059	3.09114233164866	5.62025878481574	7.15177930367803
COVID-19	AL	NA	5097361	count	143	227	476	655.949999999996
COVID-19	AL	NA	5097361	rate	2.8053732117462302	4.45328474871605	9.33816537616229	12.8684234842303
COVID-19	AR	NA	3063976	count	75.9999999999999	118	285.5	437.999999999998
COVID-19	AR	NA	3063976	rate	2.48043718358107	3.85120510082324	9.31795810411047	14.295151136954
COVID-19	AS	NA	NA	count	NA	NA	NA	NA
COVID-19	AS	NA	NA	rate	3.06050315141752	4.11200039537862	7.44272071563531	13.0942736399979
COVID-19	AZ	NA	7414046	count	178.999999999999	317	692.5	1155.55
COVID-19	AZ	NA	7414046	rate	2.41433624771143	4.27566810348897	9.34037905888363	15.5859567097371
COVID-19	CA	NA	38828183	count	1144	1694	3015	4996.29999999998
COVID-19	CA	NA	38828183	rate	2.94631350635181	4.36281038440557	7.76497834060378	12.8677151851272
COVID-19	CO	NA	5843317	count	97.9999999999995	172.999999999999	471	740.399999999995
COVID-19	CO	NA	5843317	rate	1.67712961662014	2.96064718036005	8.06049030028663	12.6708853892403
COVID-19	CT	NA	3612324	count	101	183	475.499999999999	771.699999999997
COVID-19	CT	NA	3612324	rate	2.79598397043011	5.06599075830407	13.1632710687081	21.3629785146625
COVID-19	DC	NA	675779	count	23	37.9999999999999	73.9999999999995	154.899999999999
COVID-19	DC	NA	675779	rate	3.40347953990875	5.62314010941446	10.9503254762281	22.9216948144289
COVID-19	DE	NA	1028442	count	27	48.9999999999999	101	148.549999999999
COVID-19	DE	NA	1028442	rate	2.62533035406955	4.76448842034844	9.82068021337129	14.4441786702604
COVID-19	FL	NA	22550792	count	741	1105	2106.5	3593.2
COVID-19	FL	NA	22550792	rate	3.28591563435998	4.90004963018593	9.34113533573454	15.9338084445105
COVID-19	GA	NA	10972367	count	223	373	1077	1711.64999999999
COVID-19	GA	NA	10972367	rate	2.03237824618881	3.39944881537411	9.81556668675045	15.5996422649734
COVID-19	GU	NA	NA	count	NA	NA	NA	NA
COVID-19	GU	NA	NA	rate	1.30008580566317	1.95012870849476	5.20034322265269	9.7506435424738
COVID-19	HI	NA	1394885	count	40.9999999999999	89	121	143.799999999999
COVID-19	HI	NA	1394885	rate	2.93931040910182	6.38045430268445	8.67455023173953	10.3090935811912
COVID-19	IA	NA	3206712	count	55	116	239.5	417.699999999998
COVID-19	IA	NA	3206712	rate	1.715152467699	3.6174124773288	7.4687093820711	13.0258033774158
COVID-19	ID	NA	1961207	count	29.9999999999999	54.9999999999998	129	181.15
COVID-19	ID	NA	1961207	rate	1.52967024898442	2.80439545647144	6.57758207063303	9.23665885345095
COVID-19	IL	NA	12532834	count	308	582	1270	2017.89999999999
COVID-19	IL	NA	12532834	rate	2.45754471813797	4.64380203232565	10.1333824416728	16.10090742445
COVID-19	IN	NA	6861130	count	156	315	587	966.899999999997
COVID-19	IN	NA	6861130	rate	2.27367795100807	4.59108047799706	8.55544203360088	14.0924308386519
COVID-19	KS	NA	2920111	count	54.9999999999998	121	285	391.7
COVID-19	KS	NA	2920111	rate	1.88349004541265	4.14367809990784	9.75990296259286	13.4138736506934
COVID-19	KY	NA	4509410	count	107	208	438	615.249999999996
COVID-19	KY	NA	4509410	rate	2.37281595596763	4.61257681160063	9.71302232442825	13.6436917468138
COVID-19	LA	NA	4559054	count	128	179	405.5	595.299999999998
COVID-19	LA	NA	4559054	rate	2.80759999771882	3.92625312180991	8.8943890552733	13.0575334268907
COVID-19	MA	NA	6998033	count	216.2	421.399999999999	868.399999999999	1371.34
COVID-19	MA	NA	6998033	rate	3.08943956108809	6.02169209547882	12.4092012712715	19.5960779264687
COVID-19	MD	NA	6149174	count	99.9999999999998	186.999999999999	440.5	753.399999999996
COVID-19	MD	NA	6149174	rate	1.62623467802342	3.04105884790379	7.16356375669317	12.2520520642284
COVID-19	ME	NA	1395065	count	16.9999999999999	40.9999999999999	103	152.899999999999
COVID-19	ME	NA	1395065	rate	1.21858121306175	2.93893116091364	7.3831685261977	10.960062792773
COVID-19	MI	NA	10035357	count	330	560.999999999999	975.499999999999	1243.89999999999
COVID-19	MI	NA	10035357	rate	3.28837329852839	5.59023460749826	9.72063076580135	12.3951743819377
COVID-19	MN	NA	5737303	count	109	209	491.5	572.93
COVID-19	MN	NA	5737303	rate	1.89984736730829	3.64282660337095	8.56674294524796	9.98605093717379
COVID-19	MO	NA	6181402	count	122	286	574	892.199999999997
COVID-19	MO	NA	6181402	rate	1.97366228567564	4.6267820795347	9.28591927850672	14.433618780982
COVID-19	MP	NA	NA	count	NA	NA	NA	NA
COVID-19	MP	NA	NA	rate	3.06050315141752	4.11200039537862	7.44272071563531	13.0942736399979
COVID-19	MS	NA	2927069	count	53.9999999999999	83.9999999999999	186.5	410.599999999998
COVID-19	MS	NA	2927069	rate	1.84484889150204	2.86976494233651	6.37156144935428	14.0276843490877
COVID-19	MT	NA	1129482	count	23	43	114.5	151.149999999999
COVID-19	MT	NA	1129482	rate	2.0363316989558	3.80705491543911	10.1373904143669	13.3822407085725
COVID-19	NC	NA	10735800	count	213.999999999999	392	708.999999999999	1450.29999999999
COVID-19	NC	NA	10735800	rate	1.99333072523705	3.65133478641554	6.60407235604239	13.5090072467817
COVID-19	ND	NA	776725	count	14.9999999999999	29.9999999999999	70	96.3499999999994
COVID-19	ND	NA	776725	rate	1.93118542598731	3.86237085197463	9.01219865460748	12.4046477195918
COVID-19	NE	NA	1971915	count	34	71	188	277.899999999999
COVID-19	NE	NA	1971915	rate	1.72421225052804	3.60056087610267	9.53387950291975	14.0928995418159
COVID-19	NH	NA	1401507	count	29	53.9999999999999	125.5	182.45
COVID-19	NH	NA	1401507	rate	2.0692012241109	3.85299538282719	8.9546466767558	13.0181297703115
COVID-19	NJ	NA	9283473	count	269	412	1134.49999999999	1600.6
COVID-19	NJ	NA	9283473	rate	2.89762247383064	4.43799427218671	12.22064199465	17.2413923108302
COVID-19	NM	NA	2100958	count	37	71.9999999999998	147	221.999999999999
COVID-19	NM	NA	2100958	rate	1.76110136423479	3.42700806013256	6.99680812277066	10.5666081854087
COVID-19	NV	NA	3182045	count	53	90.9999999999999	220.5	415.499999999997
COVID-19	NV	NA	3182045	rate	1.66559555254561	2.85979613738963	6.92950602521334	13.0576406053339
COVID-19	NY	NA	19551916	count	544.999999999998	831.999999999998	2561.99999999999	3634.59999999999
COVID-19	NY	NA	19551916	rate	2.7874506007493	4.25533743086866	13.1035751176508	18.5894824834558
COVID-19	OH	NA	11779411	count	276.999999999999	538.999999999999	1281.99999999999	1820.99999999999
COVID-19	OH	NA	11779411	rate	2.35156070197397	4.57578057171109	10.8833964618434	15.4591770335545
COVID-19	OK	NA	4035489	count	77.9999999999999	166	357	488.349999999996
COVID-19	OK	NA	4035489	rate	1.93285126040487	4.11350396445139	8.84651153800691	12.1013835002399
COVID-19	OR	NA	4231939	count	81.9999999999997	131	271	371.599999999999
COVID-19	OR	NA	4231939	rate	1.93764607665658	3.09550775660991	6.40368398504798	8.78084490348276
COVID-19	PA	NA	12958943	count	437.999999999999	748.999999999999	1434.99999999999	1810.49999999999
COVID-19	PA	NA	12958943	rate	3.37990529011509	5.7797923796717	11.0734339984364	13.9710468670168
COVID-19	PR	NA	3285874	count	83	114	186.5	260.45
COVID-19	PR	NA	3285874	rate	2.52596417269804	3.46939657454911	5.67581106274921	7.9263538407133
COVID-19	RI	NA	1092402	count	25.9999999999999	42	91.9999999999999	138.349999999999
COVID-19	RI	NA	1092402	rate	2.38007619905492	3.84473847539642	8.42180808896358	12.6647516207403
COVID-19	SC	NA	5335324	count	112	187	398	701.699999999995
COVID-19	SC	NA	5335324	rate	2.09921646745352	3.50494178048043	7.45971566112948	13.1519660286797
COVID-19	SD	NA	916006	count	17	41	86.9999999999999	127.9
COVID-19	SD	NA	916006	rate	1.85588304006742	4.47595321428025	9.49775438152151	13.9627906367425
COVID-19	TN	NA	7106807	count	144	246	484.5	741.049999999994
COVID-19	TN	NA	7106807	rate	2.02622640519153	3.46147010886886	6.81740759246733	10.4273269275498
COVID-19	TX	NA	30391114	count	633	1092	2253.5	3741.39999999999
COVID-19	TX	NA	30391114	rate	2.08284566337384	3.59315555198141	7.41499637032061	12.3108353316696
COVID-19	US	NA	NA	count	NA	NA	NA	NA
COVID-19	US	NA	NA	rate	2.42434745541504	4.04452979301092	8.13202345561793	12.6382815106397
COVID-19	UT	NA	3413293	count	58.9999999999998	86.9999999999998	199	283.6
COVID-19	UT	NA	3413293	rate	1.72853605008418	2.54885824334447	5.83014701638564	8.30869192887923
COVID-19	VA	NA	8615980	count	173	301	640.5	1128.99999999999
COVID-19	VA	NA	8615980	rate	2.00789695426405	3.49350857360393	7.43386126708743	13.1035587362087
COVID-19	VI	NA	106405	count	2.83282954261537	4.41102595446868	12.5380771422865	17.5797213282698
COVID-19	VI	NA	106405	rate	2.66230867216331	4.14550627740114	11.7833533596039	16.5215180943281
COVID-19	VT	NA	647315	count	9.99999999999996	21.9999999999999	47	64.9
COVID-19	VT	NA	647315	rate	1.54484292809528	3.39865444180962	7.26076176204784	10.0260306033384
COVID-19	WA	NA	7764081	count	161	248	388.5	478.499999999999
COVID-19	WA	NA	7764081	rate	2.07365173032069	3.19419645415858	5.00381178403471	6.16299598110838
COVID-19	WI	NA	5909578	count	146	253	531.5	736.549999999996
COVID-19	WI	NA	5909578	rate	2.47056558014802	4.28118556011952	8.99387401266215	12.4636649182056
COVID-19	WV	NA	1769881	count	48.9999999999999	109	203	346.499999999999
COVID-19	WV	NA	1769881	rate	2.76854771591988	6.15860614357688	11.4696976802395	19.5775874197191
COVID-19	WY	NA	581296	count	14.9999999999999	23	47	72.3499999999993
COVID-19	WY	NA	581296	rate	2.5804409457488	3.95667611681484	8.08538163001293	12.4463268283283
Influenza	AK	Region 10	711711	count	7.37872864958306	16.9156774545872	60.2547980985442	85.0937130623381
Influenza	AK	Region 10	711711	rate	1.03675911283977	2.37676212038134	8.46618895851605	11.9562172092799
Influenza	AL	Region 4	5097361	count	60.4729561069846	151.141632397658	411.197587018476	709.069957873645
Influenza	AL	Region 4	5097361	rate	1.18635811956392	2.96509571124466	8.06687199549876	13.9105305249843
Influenza	AR	Region 6	3063976	count	50.5486643905028	122.338925885505	294.57287466971	446.196483863559
Influenza	AR	Region 6	3063976	rate	1.64977350966531	3.99281606270756	9.61407252111994	14.5626624968198
Influenza	AZ	Region 9	7414046	count	74.2409461238346	222.037075828755	523.13498743374	1012.05798468065
Influenza	AZ	Region 9	7414046	rate	1.00135534799534	2.99481653915763	7.05599867378406	13.6505490346385
Influenza	CA	Region 9	38828183	count	388.808086999918	1162.83284633839	2739.71607753445	5300.26015967417
Influenza	CA	Region 9	38828183	rate	1.00135534799534	2.99481653915763	7.05599867378406	13.6505490346385
Influenza	CO	Region 8	5843317	count	93.7333061374777	212.193334408714	357.628614186069	493.394237140752
Influenza	CO	Region 8	5843317	rate	1.6041112631315	3.63138495496161	6.12030143471711	8.44373558957613
Influenza	CT	Region 1	3612324	count	91.7330494361938	230.832359247458	456.988807197138	775.149600677484
Influenza	CT	Region 1	3612324	rate	2.53944688893338	6.39013441893524	12.6508255404869	21.4584738433619
Influenza	DC	Region 3	675779	count	9.57493811166272	29.3942856588233	57.6967032626899	131.606233517913
Influenza	DC	Region 3	675779	rate	1.41687417212768	4.34968912304515	8.53780648151095	19.4747444827249
Influenza	DE	Region 3	1028442	count	14.5717290733134	44.734029810828	87.8063877345809	200.286451653026
Influenza	DE	Region 3	1028442	rate	1.41687417212768	4.34968912304515	8.53780648151095	19.4747444827249
Influenza	FL	Region 4	22550792	count	267.533151917971	668.652566443704	1819.14352461117	3136.93480478572
Influenza	FL	Region 4	22550792	rate	1.18635811956392	2.96509571124466	8.06687199549876	13.9105305249843
Influenza	GA	Region 4	10972367	count	130.171566812852	325.341183339024	885.126800766347	1526.3144608483
Influenza	GA	Region 4	10972367	rate	1.18635811956392	2.96509571124466	8.06687199549876	13.9105305249843
Influenza	HI	Region 9	1394885	count	13.9677555458848	41.7742466822289	98.4230671008128	190.409460901817
Influenza	HI	Region 9	1394885	rate	1.00135534799534	2.99481653915763	7.05599867378406	13.6505490346385
Influenza	IA	Region 7	3206712	count	39.1605792060872	128.956991296299	267.142629707659	448.019968509259
Influenza	IA	Region 7	3206712	rate	1.22120661930623	4.02147094270703	8.33073346492166	13.971319173947
Influenza	ID	Region 10	1961207	count	20.3329922941515	46.6132250782673	166.039490487644	234.486168843602
Influenza	ID	Region 10	1961207	rate	1.03675911283977	2.37676212038134	8.46618895851605	11.9562172092799
Influenza	IL	Region 5	12532834	count	153.051798394662	504.004277607707	1044.07699614108	1751.00223968095
Influenza	IL	Region 5	12532834	rate	1.22120661930623	4.02147094270703	8.33073346492166	13.971319173947
Influenza	IN	Region 5	6861130	count	83.7885737192055	275.918349291355	571.58245298178	958.59037123943
Influenza	IN	Region 5	6861130	rate	1.22120661930623	4.02147094270703	8.33073346492166	13.971319173947
Influenza	KS	Region 7	2920111	count	35.6605888230893	117.431415359792	243.266664289859	407.978028043535
Influenza	KS	Region 7	2920111	rate	1.22120661930623	4.02147094270703	8.33073346492166	13.971319173947
Influenza	KY	Region 4	4509410	count	53.4977516794274	133.708322512438	363.768332452221	627.282854546694
Influenza	KY	Region 4	4509410	rate	1.18635811956392	2.96509571124466	8.06687199549876	13.9105305249843
Influenza	LA	Region 6	4559054	count	75.2140651833367	182.034640419512	438.310757837019	663.919647067763
Influenza	LA	Region 6	4559054	rate	1.64977350966531	3.99281606270756	9.61407252111994	14.5626624968198
Influenza	MA	Region 1	6998033	count	177.711331305031	447.183715381446	885.308946095702	1501.67108085483
Influenza	MA	Region 1	6998033	rate	2.53944688893338	6.39013441893524	12.6508255404869	21.4584738433619
Influenza	MD	Region 3	6149174	count	87.1260582051905	267.46995263512	525.004576331386	1197.53592429815
Influenza	MD	Region 3	6149174	rate	1.41687417212768	4.34968912304515	8.53780648151095	19.4747444827249
Influenza	ME	Region 1	1395065	count	35.4269347410985	89.1465287315189	176.487239326394	299.359658122897
Influenza	ME	Region 1	1395065	rate	2.53944688893338	6.39013441893524	12.6508255404869	21.4584738433619
Influenza	MI	Region 5	10035357	count	122.552443955011	403.568965751916	836.018843923358	1402.07175671503
Influenza	MI	Region 5	10035357	rate	1.22120661930623	4.02147094270703	8.33073346492166	13.971319173947
Influenza	MN	Region 5	5737303	count	70.0643240056549	230.723973040059	477.959421004954	801.576914106436
Influenza	MN	Region 5	5737303	rate	1.22120661930623	4.02147094270703	8.33073346492166	13.971319173947
Influenza	MO	Region 7	6181402	count	75.4876903899277	248.583285281911	514.956125015337	863.623402844743
Influenza	MO	Region 7	6181402	rate	1.22120661930623	4.02147094270703	8.33073346492166	13.971319173947
Influenza	MS	Region 4	2927069	count	34.7255207467384	86.790397384172	236.122909449926	407.170826732353
Influenza	MS	Region 4	2927069	rate	1.18635811956392	2.96509571124466	8.06687199549876	13.9105305249843
Influenza	MT	Region 8	1129482	count	18.1181479770429	41.0158394169995	69.1277030508715	95.3704736118563
Influenza	MT	Region 8	1129482	rate	1.6041112631315	3.63138495496161	6.12030143471711	8.44373558957613
Influenza	NC	Region 4	10735800	count	127.365035000143	318.326745367804	866.043243692756	1493.40673610126
Influenza	NC	Region 4	10735800	rate	1.18635811956392	2.96509571124466	8.06687199549876	13.9105305249843
Influenza	ND	Region 8	776725	count	12.4595332085581	28.2058747914256	47.5379113188065	65.5846052581352
Influenza	ND	Region 8	776725	rate	1.6041112631315	3.63138495496161	6.12030143471711	8.44373558957613
Influenza	NE	Region 7	1971915	count	24.0811565070924	79.2999887398813	164.27498280481	275.502538488937
Influenza	NE	Region 7	1971915	rate	1.22120661930623	4.02147094270703	8.33073346492166	13.971319173947
Influenza	NH	Region 1	1401507	count	35.5905259096835	89.5581811907867	177.302205507712	300.742013007886
Influenza	NH	Region 1	1401507	rate	2.53944688893338	6.39013441893524	12.6508255404869	21.4584738433619
Influenza	NJ	Region 2	9283473	count	222.602256546086	520.054096927134	995.724411698729	1558.04824973698
Influenza	NJ	Region 2	9283473	rate	2.39783383380429	5.60193471696566	10.7257748441637	16.7830320585516
Influenza	NM	Region 6	2100958	count	34.6610485331941	83.8873884947395	201.987625758271	305.955422739935
Influenza	NM	Region 6	2100958	rate	1.64977350966531	3.99281606270756	9.61407252111994	14.5626624968198
Influenza	NV	Region 9	3182045	count	31.8635777831183	95.2964099434384	224.525052999212	434.366613029263
Influenza	NV	Region 9	3182045	rate	1.00135534799534	2.99481653915763	7.05599867378406	13.6505490346385
Influenza	NY	Region 2	19551916	count	468.822457004994	1095.28557023596	2097.09448788002	3281.40433034108
Influenza	NY	Region 2	19551916	rate	2.39783383380429	5.60193471696566	10.7257748441637	16.7830320585516
Influenza	OH	Region 5	11779411	count	143.850946847286	473.705590587036	981.311334147663	1645.73910762102
Influenza	OH	Region 5	11779411	rate	1.22120661930623	4.02147094270703	8.33073346492166	13.971319173947
Influenza	OK	Region 6	4035489	count	66.5764285074575	161.129653000797	387.974839041818	587.674643166288
Influenza	OK	Region 6	4035489	rate	1.64977350966531	3.99281606270756	9.61407252111994	14.5626624968198
Influenza	OR	Region 10	4231939	count	43.8750132323202	100.583123109645	358.283952349134	505.979819004228
Influenza	OR	Region 10	4231939	rate	1.03675911283977	2.37676212038134	8.46618895851605	11.9562172092799
Influenza	PA	Region 3	12958943	count	183.611916347748	563.673734132621	1106.40947538931	2523.72103691196
Influenza	PA	Region 3	12958943	rate	1.41687417212768	4.34968912304515	8.53780648151095	19.4747444827249
Influenza	PR	Region 2	3285874	count	78.7897985081784	184.072516361748	352.435446902916	551.469286823612
Influenza	PR	Region 2	3285874	rate	2.39783383380429	5.60193471696566	10.7257748441637	16.7830320585516
Influenza	RI	Region 1	1092402	count	27.740968603646	69.8059561951369	138.19787122079	234.412797434362
Influenza	RI	Region 1	1092402	rate	2.53944688893338	6.39013441893524	12.6508255404869	21.4584738433619
Influenza	SC	Region 4	5335324	count	63.2960494790425	158.197463105007	430.393757625124	742.171873626813
Influenza	SC	Region 4	5335324	rate	1.18635811956392	2.96509571124466	8.06687199549876	13.9105305249843
Influenza	SD	Region 8	916006	count	14.6937554169603	33.2637040705456	56.0623283600948	77.3451246246527
Influenza	SD	Region 8	916006	rate	1.6041112631315	3.63138495496161	6.12030143471711	8.44373558957613
Influenza	TN	Region 4	7106807	count	84.312181886237	210.723629563435	573.297023657146	988.594557086721
Influenza	TN	Region 4	7106807	rate	1.18635811956392	2.96509571124466	8.06687199549876	13.9105305249843
Influenza	TX	Region 6	30391114	count	501.384548064185	1213.46128142777	2921.82373993624	4425.75536084375
Influenza	TX	Region 6	30391114	rate	1.64977350966531	3.99281606270756	9.61407252111994	14.5626624968198
Influenza	US	USA	337492878	count	5517.99610015848	12950.9510082502	27139.2087639677	41591.4825812844
Influenza	US	USA	337492878	rate	1.63499630950982	3.83739979492254	8.0414167329385	12.323662302967
Influenza	UT	Region 8	3413293	count	54.7530174566791	123.949808470758	208.903820450099	288.209435817511
Influenza	UT	Region 8	3413293	rate	1.6041112631315	3.63138495496161	6.12030143471711	8.44373558957613
Influenza	VA	Region 3	8615980	count	122.077595295686	374.768344903746	735.615698885687	1677.94008968268
Influenza	VA	Region 3	8615980	rate	1.41687417212768	4.34968912304515	8.53780648151095	19.4747444827249
Influenza	VI	Region 2	106405	count	2.55141509085945	5.96073863558731	11.4127607229324	17.8579852619018
Influenza	VI	Region 2	106405	rate	2.39783383380429	5.60193471696566	10.7257748441637	16.7830320585516
Influenza	VT	Region 1	647315	count	16.4382206290991	41.3642986139307	81.8906913474028	138.903919959158
Influenza	VT	Region 1	647315	rate	2.53944688893338	6.39013441893524	12.6508255404869	21.4584738433619
Influenza	WA	Region 10	7764081	count	80.4948172957612	184.533736203725	657.321768352242	928.290388664431
Influenza	WA	Region 10	7764081	rate	1.03675911283977	2.37676212038134	8.46618895851605	11.9562172092799
Influenza	WI	Region 5	5909578	count	72.1681577090647	237.651962106607	492.311192081648	825.646004213354
Influenza	WI	Region 5	5909578	rate	1.22120661930623	4.02147094270703	8.33073346492166	13.971319173947
Influenza	WV	Region 3	1769881	count	25.0769867663951	76.9843213478427	151.109014733031	344.679802398296
Influenza	WV	Region 3	1769881	rate	1.41687417212768	4.34968912304515	8.53780648151095	19.4747444827249
Influenza	WY	Region 8	581296	count	9.32463460813288	21.1090954877936	35.5770674279532	49.0830972327825
Influenza	WY	Region 8	581296	rate	1.6041112631315	3.63138495496161	6.12030143471711	8.44373558957613
RSV	AK	Region 10	711711	count	3.8835413945174	10.4833193855406	13.6693342182617	19.2452021723551
RSV	AK	Region 10	711711	rate	0.5456626909683	1.47297419676534	1.9206298930692	2.70407541436835
RSV	AL	Region 4	5097361	count	40.9147385702996	85.6773568063685	127.236082151666	195.056441417778
RSV	AL	Region 4	5097361	rate	0.802665115739293	1.68081791355112	2.49611675829249	3.82661619253135
RSV	AR	Region 6	3063976	count	40.7873426343347	126.327013890014	197.77272740609	327.543530151625
RSV	AR	Region 6	3063976	rate	1.33119001696928	4.12297661241516	6.45477403889881	10.6901467293355
RSV	AZ	Region 9	7414046	count	49.7736353601419	111.638606982709	141.820256680928	242.262422869129
RSV	AZ	Region 9	7414046	rate	0.671342413577443	1.5057717066054	1.91285914170114	3.26761424017506
RSV	CA	Region 9	38828183	count	260.670060900466	584.663793802968	742.728448071948	1268.75523690923
RSV	CA	Region 9	38828183	rate	0.671342413577443	1.5057717066054	1.91285914170114	3.26761424017506
RSV	CO	Region 8	5843317	count	49.916962753986	142.97360835533	225.244320293898	350.245313764163
RSV	CO	Region 8	5843317	rate	0.854257312310559	2.44678849967117	3.85473388306502	5.99394682445198
RSV	CT	Region 1	3612324	count	29.1606485642514	85.3270374598284	121.898836575953	238.82542028703
RSV	CT	Region 1	3612324	rate	0.807254514386069	2.36210919784129	3.37452666416281	6.61140640449279
RSV	DC	Region 3	675779	count	4.60207401201844	10.4931595839496	18.0781072207535	32.0900196776886
RSV	DC	Region 3	675779	rate	0.681002814828286	1.55275017186826	2.67515078461354	4.74859675688185
RSV	DE	Region 3	1028442	count	7.00371896887632	15.9691349225654	27.5123742322952	48.8365634584108
RSV	DE	Region 3	1028442	rate	0.681002814828286	1.55275017186826	2.67515078461354	4.74859675688185
RSV	FL	Region 4	22550792	count	181.007340706927	379.037751583653	562.894098239682	862.932258216064
RSV	FL	Region 4	22550792	rate	0.802665115739293	1.68081791355112	2.49611675829249	3.82661619253135
RSV	GA	Region 4	10972367	count	88.07136227989	184.425510076572	273.883091468355	419.870372325966
RSV	GA	Region 4	10972367	rate	0.802665115739293	1.68081791355112	2.49611675829249	3.82661619253135
RSV	HI	Region 9	1394885	count	9.36445462562972	21.0037836696827	26.6821852387179	45.5794608940659
RSV	HI	Region 9	1394885	rate	0.671342413577443	1.5057717066054	1.91285914170114	3.26761424017506
RSV	IA	Region 7	3206712	count	23.8934138253707	64.1238781642329	105.309230054264	165.483326489742
RSV	IA	Region 7	3206712	rate	0.745106321533418	1.99967687039662	3.2840251963464002	5.16052974167128
RSV	ID	Region 10	1961207	count	10.7015748916587	28.8880730551556	37.6675279069657	53.0325163118711
RSV	ID	Region 10	1961207	rate	0.5456626909683	1.47297419676534	1.9206298930692	2.70407541436835
RSV	IL	Region 5	12532834	count	93.3829384012895	250.616182703204	411.581426376268	646.76062604429
RSV	IL	Region 5	12532834	rate	0.745106321533418	1.99967687039662	3.2840251963464002	5.16052974167128
RSV	IN	Region 5	6861130	count	51.1227133586258	137.200429657844	225.321237954082	354.070654264731
RSV	IN	Region 5	6861130	rate	0.745106321533418	1.99967687039662	3.2840251963464002	5.16052974167128
RSV	KS	Region 7	2920111	count	21.7579316567927	58.3927842569074	95.8971810012828	150.693196644815
RSV	KS	Region 7	2920111	rate	0.745106321533418	1.99967687039662	3.2840251963464002	5.16052974167128
RSV	KY	Region 4	4509410	count	36.1954609956593	75.7949710754656	112.560138710117	172.557813247628
RSV	KY	Region 4	4509410	rate	0.802665115739293	1.68081791355112	2.49611675829249	3.82661619253135
RSV	LA	Region 6	4559054	count	60.6896717162386	187.968730167378	294.276634011378	487.369562069639
RSV	LA	Region 6	4559054	rate	1.33119001696928	4.12297661241516	6.45477403889881	10.6901467293355
RSV	MA	Region 1	6998033	count	56.4919373107269	165.301181160969	236.150489551913	462.668401950519
RSV	MA	Region 1	6998033	rate	0.807254514386069	2.36210919784129	3.37452666416281	6.61140640449279
RSV	MD	Region 3	6149174	count	41.8760480286891	95.4813098534784	164.499676508252	291.999477139022
RSV	MD	Region 3	6149174	rate	0.681002814828286	1.55275017186826	2.67515078461354	4.74859675688185
RSV	ME	Region 1	1395065	count	11.26172519112	32.9529586808646	47.0768404074029	92.2334167568373
RSV	ME	Region 1	1395065	rate	0.807254514386069	2.36210919784129	3.37452666416281	6.61140640449279
RSV	MI	Region 5	10035357	count	74.7740793954464	200.674712790728	329.563652423312	517.877582667891
RSV	MI	Region 5	10035357	rate	0.745106321533418	1.99967687039662	3.2840251963464002	5.16052974167128
RSV	MN	Region 5	5737303	count	42.7490073385264	114.727521075571	188.414476110738	296.075227684799
RSV	MN	Region 5	5737303	rate	0.745106321533418	1.99967687039662	3.2840251963464002	5.16052974167128
RSV	MO	Region 7	6181402	count	46.0580170613931	123.608066060234	202.99879916746	318.993088662263
RSV	MO	Region 7	6181402	rate	0.745106321533418	1.99967687039662	3.2840251963464002	5.16052974167128
RSV	MS	Region 4	2927069	count	23.494561776619	49.1987000940016	73.0630598357844	112.007696320565
RSV	MS	Region 4	2927069	rate	0.802665115739293	1.68081791355112	2.49611675829249	3.82661619253135
RSV	MT	Region 8	1129482	count	9.64868257623155	27.6360356818559	43.5385253571205	67.7005504717567
RSV	MT	Region 8	1129482	rate	0.854257312310559	2.44678849967117	3.85473388306502	5.99394682445198
RSV	NC	Region 4	10735800	count	86.172521495539	180.449249563021	267.978102936765	410.817861197781
RSV	NC	Region 4	10735800	rate	0.802665115739293	1.68081791355112	2.49611675829249	3.82661619253135
RSV	ND	Region 8	776725	count	6.63523010904419	19.0048179740709	29.9406817532368	46.5564834722246
RSV	ND	Region 8	776725	rate	0.854257312310559	2.44678849967117	3.85473388306502	5.99394682445198
RSV	NE	Region 7	1971915	count	14.6928633202657	39.4319281588815	64.7581854505341	101.761260055477
RSV	NE	Region 7	1971915	rate	0.745106321533418	1.99967687039662	3.2840251963464002	5.16052974167128
RSV	NH	Region 1	1401507	count	11.3137285269368	33.1051257553895	47.2942274151083	92.6593235574148
RSV	NH	Region 1	1401507	rate	0.807254514386069	2.36210919784129	3.37452666416281	6.61140640449279
RSV	NJ	Region 2	9283473	count	88.6439964250111	272.491938904165	365.270493704623	563.439256616235
RSV	NJ	Region 2	9283473	rate	0.954858127179463	2.93523704872266	3.93463193898041	6.06927231453396
RSV	NM	Region 6	2100958	count	27.9677431567174	86.6220069766653	135.612091552168	224.595492921713
RSV	NM	Region 6	2100958	rate	1.33119001696928	4.12297661241516	6.45477403889881	10.6901467293355
RSV	NV	Region 9	3182045	count	21.3624177041203	47.9143333014518	60.868038675544	103.976955548778
RSV	NV	Region 9	3182045	rate	0.671342413577443	1.5057717066054	1.91285914170114	3.26761424017506
RSV	NY	Region 2	19551916	count	186.693058945302	573.895082167134	769.295931618621	1186.65902474894
RSV	NY	Region 2	19551916	rate	0.954858127179463	2.93523704872266	3.93463193898041	6.06927231453396
RSV	OH	Region 5	11779411	count	87.7691360004028	235.550157235955	386.838825221199	607.880008048698
RSV	OH	Region 5	11779411	rate	0.745106321533418	1.99967687039662	3.2840251963464002	5.16052974167128
RSV	OK	Region 6	4035489	count	53.7200267038934	166.382267666586	260.481696314617	431.399695346194
RSV	OK	Region 6	4035489	rate	1.33119001696928	4.12297661241516	6.45477403889881	10.6901467293355
RSV	OR	Region 10	4231939	count	23.092112227537	62.3353694928492	81.2798854904538	114.434822050066
RSV	OR	Region 10	4231939	rate	0.5456626909683	1.47297419676534	1.9206298930692	2.70407541436835
RSV	PA	Region 3	12958943	count	88.2507666019931	201.22000970481	346.671265342121	615.367947024168
RSV	PA	Region 3	12958943	rate	0.681002814828286	1.55275017186826	2.67515078461354	4.74859675688185
RSV	PR	Region 2	3285874	count	31.3754349378769	96.4481910223452	129.287047878653	199.42864097247
RSV	PR	Region 2	3285874	rate	0.954858127179463	2.93523704872266	3.93463193898041	6.06927231453396
RSV	RI	Region 1	1092402	count	8.81846446024371	25.8037281194022	36.8633967698478	72.2231357908073
RSV	RI	Region 1	1092402	rate	0.807254514386069	2.36210919784129	3.37452666416281	6.61140640449279
RSV	SC	Region 4	5335324	count	42.8247845596663	89.6770815379922	133.175916473201	204.162372108011
RSV	SC	Region 4	5335324	rate	0.802665115739293	1.68081791355112	2.49611675829249	3.82661619253135
RSV	SD	Region 8	916006	count	7.82504823620346	22.4127294642979	35.3095936529086	54.9049125487896
RSV	SD	Region 8	916006	rate	0.854257312310559	2.44678849967117	3.85473388306502	5.99394682445198
RSV	TN	Region 4	7106807	count	57.0438606319182	119.452485137505	177.394200506504	271.950227433951
RSV	TN	Region 4	7106807	rate	0.802665115739293	1.68081791355112	2.49611675829249	3.82661619253135
RSV	TX	Region 6	30391114	count	404.563475613753	1253.01852247243	1961.67773660414	3248.85467927962
RSV	TX	Region 6	30391114	rate	1.33119001696928	4.12297661241516	6.45477403889881	10.6901467293355
RSV	US	USA	337492878	count	3460.26560955834	5966.52171550613	9328.61931414964	13796.2375955815
RSV	US	USA	337492878	rate	1.02528552011647	1.76789559260155	2.76409368085973	4.08786036533236
RSV	UT	Region 8	3413293	count	29.1583050430844	83.5160605840811	131.573361799287	204.590967382742
RSV	UT	Region 8	3413293	rate	0.854257312310559	2.44678849967117	3.85473388306502	5.99394682445198
RSV	VA	Region 3	8615980	count	58.6750663250422	133.784644258135	230.490456572146	409.138146853589
RSV	VA	Region 3	8615980	rate	0.681002814828286	1.55275017186826	2.67515078461354	4.74859675688185
RSV	VI	Region 2	106405	count	1.01601679022531	3.12323898169335	4.18664511467211	6.45800920627986
RSV	VI	Region 2	106405	rate	0.954858127179463	2.93523704872266	3.93463193898041	6.06927231453396
RSV	VT	Region 1	647315	count	5.22547955979818	15.2902871540063	21.8438172761255	42.7966253672425
RSV	VT	Region 1	647315	rate	0.807254514386069	2.36210919784129	3.37452666416281	6.61140640449279
RSV	WA	Region 10	7764081	count	42.3656933135585	114.36290974596	149.119260608106	209.946605472644
RSV	WA	Region 10	7764081	rate	0.5456626909683	1.47297419676534	1.9206298930692	2.70407541436835
RSV	WI	Region 5	5909578	count	44.0326392539481	118.172464404047	194.072030517744	304.965530297263
RSV	WI	Region 5	5909578	rate	0.745106321533418	1.99967687039662	3.2840251963464002	5.16052974167128
RSV	WV	Region 3	1769881	count	12.052939429111	27.4818302693637	47.346985458226	84.0445117666681
RSV	WV	Region 3	1769881	rate	0.681002814828286	1.55275017186826	2.67515078461354	4.74859675688185
RSV	WY	Region 8	581296	count	4.96576358616879	14.2230836770485	22.4074138729016	34.8425731326664
RSV	WY	Region 8	581296	rate	0.854257312310559	2.44678849967117	3.85473388306502	5.99394682445198
